user_id,email
1,user_1@mail.com
2,user_2@mail.com
3,user_3@mail.com
4,user_4@mail.com
5,user_5@mail.com
6,user_6@mail.com
7,user_7@mail.com
8,user_8@mail.com
9,user_9@mail.com
10,user_10@mail.com
11,user_11@mail.com
12,user_12@mail.com
13,user_13@mail.com
14,user_14@mail.com
15,user_15@mail.com
16,user_16@mail.com
17,user_17@mail.com
18,user_18@mail.com
19,user_19@mail.com
20,user_20@mail.com
21,user_21@mail.com
22,user_22@mail.com
23,user_23@mail.com
24,user_24@mail.com
25,user_25@mail.com
26,user_26@mail.com
27,user_27@mail.com
28,user_28@mail.com
29,user_29@mail.com
30,user_30@mail.com
31,user_31@mail.com
32,user_32@mail.com
33,user_33@mail.com
34,user_34@mail.com
35,user_35@mail.com
36,user_36@mail.com
37,user_37@mail.com
38,user_38@mail.com
39,user_39@mail.com
40,user_40@mail.com
41,user_41@mail.com
42,user_42@mail.com
43,user_43@mail.com
44,user_44@mail.com
45,user_45@mail.com
46,user_46@mail.com
47,user_47@mail.com
48,user_48@mail.com
49,user_49@mail.com
50,user_50@mail.com
51,user_51@mail.com
52,user_52@mail.com
53,user_53@mail.com
54,user_54@mail.com
55,user_55@mail.com
56,user_56@mail.com
57,user_57@mail.com
58,user_58@mail.com
59,user_59@mail.com
60,user_60@mail.com
61,user_61@mail.com
62,user_62@mail.com
63,user_63@mail.com
64,user_64@mail.com
65,user_65@mail.com
66,user_66@mail.com
67,user_67@mail.com
68,user_68@mail.com
69,user_69@mail.com
70,user_70@mail.com
71,user_71@mail.com
72,user_72@mail.com
73,user_73@mail.com
74,user_74@mail.com
75,user_75@mail.com
76,user_76@mail.com
77,user_77@mail.com
78,user_78@mail.com
79,user_79@mail.com
80,user_80@mail.com
81,user_81@mail.com
82,user_82@mail.com
83,user_83@mail.com
84,user_84@mail.com
85,user_85@mail.com
86,user_86@mail.com
87,user_87@mail.com
88,user_88@mail.com
89,user_89@mail.com
90,user_90@mail.com
91,user_91@mail.com
92,user_92@mail.com
93,user_93@mail.com
94,user_94@mail.com
95,user_95@mail.com
96,user_96@mail.com
97,user_97@mail.com
98,user_98@mail.com
99,user_99@mail.com
100,user_100@mail.com
101,user_101@mail.com
102,user_102@mail.com
103,user_103@mail.com
104,user_104@mail.com
105,user_105@mail.com
106,user_106@mail.com
107,user_107@mail.com
108,user_108@mail.com
109,user_109@mail.com
110,user_110@mail.com
111,user_111@mail.com
112,user_112@mail.com
113,user_113@mail.com
114,user_114@mail.com
115,user_115@mail.com
116,user_116@mail.com
117,user_117@mail.com
118,user_118@mail.com
119,user_119@mail.com
120,user_120@mail.com
121,user_121@mail.com
122,user_122@mail.com
123,user_123@mail.com
124,user_124@mail.com
125,user_125@mail.com
126,user_126@mail.com
127,user_127@mail.com
128,user_128@mail.com
129,user_129@mail.com
130,user_130@mail.com
131,user_131@mail.com
132,user_132@mail.com
133,user_133@mail.com
134,user_134@mail.com
135,user_135@mail.com
136,user_136@mail.com
137,user_137@mail.com
138,user_138@mail.com
139,user_139@mail.com
140,user_140@mail.com
141,user_141@mail.com
142,user_142@mail.com
143,user_143@mail.com
144,user_144@mail.com
145,user_145@mail.com
146,user_146@mail.com
147,user_147@mail.com
148,user_148@mail.com
149,user_149@mail.com
150,user_150@mail.com
151,user_151@mail.com
152,user_152@mail.com
153,user_153@mail.com
154,user_154@mail.com
155,user_155@mail.com
156,user_156@mail.com
157,user_157@mail.com
158,user_158@mail.com
159,user_159@mail.com
160,user_160@mail.com
161,user_161@mail.com
162,user_162@mail.com
163,user_163@mail.com
164,user_164@mail.com
165,user_165@mail.com
166,user_166@mail.com
167,user_167@mail.com
168,user_168@mail.com
169,user_169@mail.com
170,user_170@mail.com
171,user_171@mail.com
172,user_172@mail.com
173,user_173@mail.com
174,user_174@mail.com
175,user_175@mail.com
176,user_176@mail.com
177,user_177@mail.com
178,user_178@mail.com
179,user_179@mail.com
180,user_180@mail.com
181,user_181@mail.com
182,user_182@mail.com
183,user_183@mail.com
184,user_184@mail.com
185,user_185@mail.com
186,user_186@mail.com
187,user_187@mail.com
188,user_188@mail.com
189,user_189@mail.com
190,user_190@mail.com
191,user_191@mail.com
192,user_192@mail.com
193,user_193@mail.com
194,user_194@mail.com
195,user_195@mail.com
196,user_196@mail.com
197,user_197@mail.com
198,user_198@mail.com
199,user_199@mail.com
200,user_200@mail.com
